alpha,beta,gamma, mAP@20, NDCG@20
1.0,1.0,0.5,0.17399005501725426,0.13204054774877655
0.5,0.5,0.5,0.3199920391892378,0.245818303179379
1.0,0.5,0.0,0.3205741061520162,0.2372432251775685