alpha,beta,gamma, mAP@20, NDCG@20
1.0,1.0,0.5,0.11093127240774317,0.07250057572078136
0.5,0.5,0.5,0.11093127240774317,0.07250057572078136
1.0,0.5,0.0,0.3946177012070025,0.28856820106404646