alpha,beta,gamma, mAP@20, NDCG@20
1.0,1.0,0.5,0.6099892458189388,0.48805380145777244
0.5,0.5,0.5,0.6099892458189388,0.48805380145777244
1.0,0.5,0.0,0.6095610304684775,0.4772744188061354